INSERT INTO Buyers (login, password, firstName, lastName, email, phoneNumber, registration_date)
VALUES ('ivan123', 'pffc123', 'Иван', 'Иванов', 'ivan@mail.ru', '79898989898', GETDATE()),
       ('roman123', 'fswd123', 'Роман', 'Романов', 'roman@mail.ru', '71254124512', GETDATE()),
       ('petr123', 'dcrv123', 'Петр', 'Петров', 'petr@mail.ru', '76545654565', GETDATE()),
       ('egor123', 'fhef123', 'Егор', 'Егоров', 'egor@mail.ru', '75478547854', GETDATE()),
       ('alla123', 'rfdh123', 'Алла', 'Сидорова', 'alla@mail.ru', '72135236214', GETDATE()),
       ('olga123', 'imim123', 'Ольга', 'Попова', 'olga@mail.ru', '74169875321', GETDATE());

--*************************

INSERT INTO Warehouses(name, address)
VALUES 
('Склад №1', 'г.Москва, ул. Электродная, д. 3Б, 111524'),
('Склад №2', 'г.Москва,  1-й Иртышский пр., 6, стр. 2'),
('Склад №3', 'г.Москва, Беломорская улица, 36, 23312');

--*************************

INSERT INTO Categories (name, description)
VALUES 
('Ноутбуки', 'Раздел с ноутбуками и ультрабуками'),
('Планшеты', 'Все виды планшетов — от бюджетных до премиум'),
('Телефоны', 'Смартфоны и мобильные телефоны всех брендов');

--*************************

INSERT INTO Orders (user_id, order_date, TotalAmount, status_id, delivery_address)
VALUES 
(1, '2025-08-01', 85000.00, 1, 'г. Москва, ул. Ленина, д. 1'),
(2, '2025-08-05', 120000.00, 2, 'г. Санкт-Петербург, ул. Невская, д. 10'),
(3, '2025-08-07', 45000.00, 3, 'г. Казань, ул. Баумана, д. 3'),
(4, '2025-08-10', 65000.00, 4, 'г. Екатеринбург, ул. Мира, д. 25'),
(5, '2025-08-12', 30000.00, 1, 'г. Новосибирск, ул. Красная, д. 8');

--*************************

INSERT INTO products_categories (product_id, category_id) VALUES
(1, 1),  -- Ноутбук
(2, 1),  -- Ноутбук
(3, 2),  -- Планшет
(4, 2),  -- Планшет
(5, 3);  -- Смартфон

--*************************

INSERT INTO order_statuses (status_name, description)
VALUES 
    ('Ожидает', 'Заказ ожидает обработки'),
    ('В обработке', 'Заказ в процессе обработки'),
    ('Доставлен', 'Заказ доставлен покупателю'),
    ('Отменён', 'Заказ был отменён');

--*************************

INSERT INTO order_history (order_id, previous_status_id, new_status_id, change_date, comment) VALUES
(1, NULL, 1, '20.08.2025', 'Создан заказ'),
(1, 1, 2, '21.08.2025', 'Отправлен на обработку'),
(2, NULL, 1, '21.08.2025', 'Создан заказ'),
(3, NULL, 1, '22.08.2025', 'Создан заказ'),
(3, 1, 4, '23.08.2025', 'Заказ отменён клиентом');

--*************************

INSERT INTO orders_products (order_id, product_id, warehouse_id, quantity, price) VALUES
(1, 1, 1, 1, 50000.00),
(2, 3, 2, 2, 18000.00),
(3, 2, 1, 1, 75000.00),
(4, 4, 2, 1, 30000.00),
(5, 5, 3, 2, 15000.00);

--*************************

INSERT INTO warehouse_stock (warehouse_id, product_id, quantity) VALUES
(1, 1, 20),
(1, 2, 15),
(2, 1, 10),
(2, 2, 25),
(3, 4, 30);
